<?xml version="1.0" encoding="UTF-8"?>
<project-private xmlns="http://www.netbeans.org/ns/project-private/1">
    <editor-bookmarks xmlns="http://www.netbeans.org/ns/editor-bookmarks/2" lastBookmarkId="0"/>
    <open-files xmlns="http://www.netbeans.org/ns/projectui-open-files/2">
        <group>
            <file>file:/home/pc/Documents/Cubuntu/UTFPR/2º%20Periodo/TECPROG-2021/NewFolder/Empregado/Principal/src/principal/Principal.java</file>
            <file>file:/home/pc/Documents/Cubuntu/UTFPR/2º%20Periodo/TECPROG-2021/NewFolder/Empregado/Principal/src/principal/Empregado.java</file>
            <file>file:/home/pc/Documents/Cubuntu/UTFPR/2º%20Periodo/TECPROG-2021/NewFolder/Empregado/Principal/src/principal/Gerente.java</file>
            <file>file:/home/pc/Documents/Cubuntu/UTFPR/2º%20Periodo/TECPROG-2021/NewFolder/Empregado/Principal/src/principal/Faxineiro.java</file>
        </group>
    </open-files>
</project-private>
