<?xml version="1.0" encoding="UTF-8"?>
<project-private xmlns="http://www.netbeans.org/ns/project-private/1">
    <editor-bookmarks xmlns="http://www.netbeans.org/ns/editor-bookmarks/2" lastBookmarkId="0"/>
    <open-files xmlns="http://www.netbeans.org/ns/projectui-open-files/2">
        <group>
            <file>file:/mnt/hgfs/Cubuntu/UTFPR/2º%20Periodo/TECPROG-2021/NewFolder/EComerce/src/ecomerce/EComerce.java</file>
            <file>file:/mnt/hgfs/Cubuntu/UTFPR/2º%20Periodo/TECPROG-2021/NewFolder/EComerce/src/ecomerce/CarrinhoDeCompras.java</file>
            <file>file:/mnt/hgfs/Cubuntu/UTFPR/2º%20Periodo/TECPROG-2021/NewFolder/EComerce/src/ecomerce/Item.java</file>
            <file>file:/mnt/hgfs/Cubuntu/UTFPR/2º%20Periodo/TECPROG-2021/NewFolder/EComerce/src/ecomerce/Principal.java</file>
        </group>
    </open-files>
</project-private>
