<?xml version="1.0" encoding="UTF-8"?>
<project-private xmlns="http://www.netbeans.org/ns/project-private/1">
    <editor-bookmarks xmlns="http://www.netbeans.org/ns/editor-bookmarks/2" lastBookmarkId="0"/>
    <open-files xmlns="http://www.netbeans.org/ns/projectui-open-files/2">
        <group>
            <file>file:/mnt/hgfs/Cubuntu/UTFPR/2º%20Periodo/TECPROG-2021/NewFolder/Lista04Email/src/lista04email/Email.java</file>
            <file>file:/mnt/hgfs/Cubuntu/UTFPR/2º%20Periodo/TECPROG-2021/NewFolder/Lista04Email/src/lista04email/Assunto.java</file>
            <file>file:/mnt/hgfs/Cubuntu/UTFPR/2º%20Periodo/TECPROG-2021/NewFolder/Lista04Email/src/lista04email/Mensagem.java</file>
            <file>file:/mnt/hgfs/Cubuntu/UTFPR/2º%20Periodo/TECPROG-2021/NewFolder/Lista04Email/src/lista04email/Lista04Email.java</file>
        </group>
    </open-files>
</project-private>
